rbh_set_name,rbh_track_id,rbh_created_date,rbh_set_number,rbh_extract_timestamp
HISTORY 2022-01-01,31,2022-01-01,0,2025-12-11 14:19:05
HISTORY 2022-01-01,34,2022-01-01,0,2025-12-11 14:19:05
HISTORY 2022-01-01,80,2022-01-01,0,2025-12-11 14:19:05
HISTORY 2022-01-01,71,2022-01-01,0,2025-12-11 14:19:05
HISTORY 2022-01-01,88,2022-01-01,0,2025-12-11 14:19:05
HISTORY 2022-01-01,157,2022-01-01,0,2025-12-11 14:19:05
HISTORY 2022-01-01,160,2022-01-01,0,2025-12-11 14:19:05
HISTORY 2022-01-01,162,2022-01-01,0,2025-12-11 14:19:05
HISTORY 2022-01-01,174,2022-01-01,0,2025-12-11 14:19:05
HISTORY 2022-01-01,189,2022-01-01,0,2025-12-11 14:19:05
HISTORY 2022-01-01,329,2022-01-01,0,2025-12-11 14:19:05
HISTORY 2022-01-01,346,2022-01-01,0,2025-12-11 14:19:05
HISTORY 2022-01-01,354,2022-01-01,0,2025-12-11 14:19:05
HISTORY 2022-01-01,127,2022-01-01,0,2025-12-11 14:19:05
HISTORY 2022-01-01,237,2022-01-01,0,2025-12-11 14:19:05
HISTORY 2022-01-01,196,2022-01-01,0,2025-12-11 14:19:05
HISTORY 2022-02-12 (1),33,2022-02-12,1,2025-12-11 14:19:05
HISTORY 2022-02-12 (1),59,2022-02-12,1,2025-12-11 14:19:05
HISTORY 2022-02-12 (1),88,2022-02-12,1,2025-12-11 14:19:05
HISTORY 2022-02-12 (1),131,2022-02-12,1,2025-12-11 14:19:05
HISTORY 2022-02-12 (1),234,2022-02-12,1,2025-12-11 14:19:05
HISTORY 2022-02-12 (1),247,2022-02-12,1,2025-12-11 14:19:05
HISTORY 2022-02-12 (1),260,2022-02-12,1,2025-12-11 14:19:05
HISTORY 2022-02-12 (1),263,2022-02-12,1,2025-12-11 14:19:05
HISTORY 2022-02-12 (1),273,2022-02-12,1,2025-12-11 14:19:05
HISTORY 2022-02-12 (1),279,2022-02-12,1,2025-12-11 14:19:05
HISTORY 2022-02-12 (1),295,2022-02-12,1,2025-12-11 14:19:05
HISTORY 2022-02-12 (1),317,2022-02-12,1,2025-12-11 14:19:05
HISTORY 2022-02-12 (1),155,2022-02-12,1,2025-12-11 14:19:05
HISTORY 2022-02-12 (1),158,2022-02-12,1,2025-12-11 14:19:05
HISTORY 2022-02-12 (1),164,2022-02-12,1,2025-12-11 14:19:05
HISTORY 2022-03-19,14,2022-03-19,2,2025-12-11 14:19:05
HISTORY 2022-03-19,55,2022-03-19,2,2025-12-11 14:19:05
HISTORY 2022-03-19,67,2022-03-19,2,2025-12-11 14:19:05
HISTORY 2022-03-19,155,2022-03-19,2,2025-12-11 14:19:05
HISTORY 2022-03-19,156,2022-03-19,2,2025-12-11 14:19:05
HISTORY 2022-03-19,168,2022-03-19,2,2025-12-11 14:19:05
HISTORY 2022-03-19,169,2022-03-19,2,2025-12-11 14:19:05
HISTORY 2022-03-19,176,2022-03-19,2,2025-12-11 14:19:05
HISTORY 2022-03-19,183,2022-03-19,2,2025-12-11 14:19:05
HISTORY 2022-03-19,185,2022-03-19,2,2025-12-11 14:19:05
HISTORY 2022-05-14,37,2022-05-14,3,2025-12-11 14:19:05
HISTORY 2022-05-14,58,2022-05-14,3,2025-12-11 14:19:05
HISTORY 2022-05-14,177,2022-05-14,3,2025-12-11 14:19:05
HISTORY 2022-05-14,183,2022-05-14,3,2025-12-11 14:19:05
HISTORY 2022-05-14,263,2022-05-14,3,2025-12-11 14:19:05
HISTORY 2022-05-14,317,2022-05-14,3,2025-12-11 14:19:05
HISTORY 2022-05-14,318,2022-05-14,3,2025-12-11 14:19:05
HISTORY 2022-05-14,323,2022-05-14,3,2025-12-11 14:19:05
HISTORY 2022-05-14,326,2022-05-14,3,2025-12-11 14:19:05
HISTORY 2022-05-14,329,2022-05-14,3,2025-12-11 14:19:05
HISTORY 2022-05-14,348,2022-05-14,3,2025-12-11 14:19:05
HISTORY 2022-05-14,309,2022-05-14,3,2025-12-11 14:19:05
HISTORY 2022-05-14,258,2022-05-14,3,2025-12-11 14:19:05
HISTORY 2022-05-14,44,2022-05-14,3,2025-12-11 14:19:05
HISTORY 2022-05-14,42,2022-05-14,3,2025-12-11 14:19:05
HISTORY 2022-05-14,11,2022-05-14,3,2025-12-11 14:19:05
HISTORY 2022-05-14,7,2022-05-14,3,2025-12-11 14:19:05
HISTORY 2022-05-14,12,2022-05-14,3,2025-12-11 14:19:05
HISTORY 2022-05-14,57,2022-05-14,3,2025-12-11 14:19:05
HISTORY 2022-06-26,323,2022-06-26,4,2025-12-11 14:19:05
HISTORY 2022-06-26,260,2022-06-26,4,2025-12-11 14:19:05
HISTORY 2022-06-26,224,2022-06-26,4,2025-12-11 14:19:05
HISTORY 2022-06-26,157,2022-06-26,4,2025-12-11 14:19:05
HISTORY 2022-06-26,141,2022-06-26,4,2025-12-11 14:19:05
HISTORY 2022-06-26,134,2022-06-26,4,2025-12-11 14:19:05
HISTORY 2022-06-26,123,2022-06-26,4,2025-12-11 14:19:05
HISTORY 2022-06-26,86,2022-06-26,4,2025-12-11 14:19:05
HISTORY 2022-06-26,77,2022-06-26,4,2025-12-11 14:19:05
HISTORY 2022-06-26,59,2022-06-26,4,2025-12-11 14:19:05
HISTORY 2022-06-26,163,2022-06-26,4,2025-12-11 14:19:05
HISTORY 2022-06-26,164,2022-06-26,4,2025-12-11 14:19:05
HISTORY 2022-06-26,78,2022-06-26,4,2025-12-11 14:19:05
HISTORY 2022-06-26,249,2022-06-26,4,2025-12-11 14:19:05
HISTORY 2022-06-26,287,2022-06-26,4,2025-12-11 14:19:05
HISTORY 2022-06-26,37,2022-06-26,4,2025-12-11 14:19:05
HISTORY 2022-06-26,79,2022-06-26,4,2025-12-11 14:19:05
HISTORY 2022-06-26,131,2022-06-26,4,2025-12-11 14:19:05
HISTORY 2022-06-26,170,2022-06-26,4,2025-12-11 14:19:05
HISTORY 2022-06-26,303,2022-06-26,4,2025-12-11 14:19:05
HISTORY 2022-06-26,305,2022-06-26,4,2025-12-11 14:19:05
HISTORY 2022-06-26,344,2022-06-26,4,2025-12-11 14:19:05
HISTORY 2022-06-26,348,2022-06-26,4,2025-12-11 14:19:05
HISTORY 2022-06-26,292,2022-06-26,4,2025-12-11 14:19:05
HISTORY 2022-06-26,85,2022-06-26,4,2025-12-11 14:19:05
HISTORY 2022-06-26,74,2022-06-26,4,2025-12-11 14:19:05
HISTORY 2022-06-26,289,2022-06-26,4,2025-12-11 14:19:05
HISTORY 2022-09-10,37,2022-09-10,5,2025-12-11 14:19:05
HISTORY 2022-09-10,38,2022-09-10,5,2025-12-11 14:19:05
HISTORY 2022-09-10,59,2022-09-10,5,2025-12-11 14:19:05
HISTORY 2022-09-10,63,2022-09-10,5,2025-12-11 14:19:05
HISTORY 2022-09-10,65,2022-09-10,5,2025-12-11 14:19:05
HISTORY 2022-09-10,66,2022-09-10,5,2025-12-11 14:19:05
HISTORY 2022-09-10,67,2022-09-10,5,2025-12-11 14:19:05
HISTORY 2022-09-10,138,2022-09-10,5,2025-12-11 14:19:05
HISTORY 2022-09-10,144,2022-09-10,5,2025-12-11 14:19:05
HISTORY 2022-09-10,145,2022-09-10,5,2025-12-11 14:19:05
HISTORY 2022-09-10,166,2022-09-10,5,2025-12-11 14:19:05
HISTORY 2022-09-10,177,2022-09-10,5,2025-12-11 14:19:05
HISTORY 2022-09-10,170,2022-09-10,5,2025-12-11 14:19:05
HISTORY 2022-09-10,183,2022-09-10,5,2025-12-11 14:19:05
HISTORY 2022-09-10,184,2022-09-10,5,2025-12-11 14:19:05
HISTORY 2022-09-10,186,2022-09-10,5,2025-12-11 14:19:05
HISTORY 2022-09-10,187,2022-09-10,5,2025-12-11 14:19:05
HISTORY 2022-09-10,205,2022-09-10,5,2025-12-11 14:19:05
HISTORY 2022-09-16,80,2022-09-16,6,2025-12-11 14:19:05
HISTORY 2022-09-16,218,2022-09-16,6,2025-12-11 14:19:05
HISTORY 2022-09-16,269,2022-09-16,6,2025-12-11 14:19:05
HISTORY 2022-09-16,279,2022-09-16,6,2025-12-11 14:19:05
HISTORY 2022-09-16,292,2022-09-16,6,2025-12-11 14:19:05
HISTORY 2022-09-16,344,2022-09-16,6,2025-12-11 14:19:05
HISTORY 2022-09-16,348,2022-09-16,6,2025-12-11 14:19:05
HISTORY 2022-09-16,73,2022-09-16,6,2025-12-11 14:19:05
HISTORY 2022-09-16,74,2022-09-16,6,2025-12-11 14:19:05
HISTORY 2022-09-16,172,2022-09-16,6,2025-12-11 14:19:05
HISTORY 2022-09-16,264,2022-09-16,6,2025-12-11 14:19:05
HISTORY 2022-09-16,357,2022-09-16,6,2025-12-11 14:19:05
HISTORY 2022-09-16,57,2022-09-16,6,2025-12-11 14:19:05
HISTORY 2022-09-16,64,2022-09-16,6,2025-12-11 14:19:05
HISTORY 2022-09-16,227,2022-09-16,6,2025-12-11 14:19:05
HISTORY 2022-09-16,335,2022-09-16,6,2025-12-11 14:19:05
HISTORY 2022-09-16,181,2022-09-16,6,2025-12-11 14:19:05
HISTORY 2022-09-30,97,2022-09-30,7,2025-12-11 14:19:05
HISTORY 2022-09-30,137,2022-09-30,7,2025-12-11 14:19:05
HISTORY 2022-09-30,362,2022-09-30,7,2025-12-11 14:19:05
HISTORY 2022-09-30,277,2022-09-30,7,2025-12-11 14:19:05
HISTORY 2022-09-30,236,2022-09-30,7,2025-12-11 14:19:05
HISTORY 2022-09-30,89,2022-09-30,7,2025-12-11 14:19:05
HISTORY 2022-09-30,192,2022-09-30,7,2025-12-11 14:19:05
HISTORY 2022-09-30,173,2022-09-30,7,2025-12-11 14:19:05
HISTORY 2022-09-30,149,2022-09-30,7,2025-12-11 14:19:05
HISTORY 2022-09-30,62,2022-09-30,7,2025-12-11 14:19:05
HISTORY 2022-09-30,35,2022-09-30,7,2025-12-11 14:19:05
HISTORY 2022-09-30,30,2022-09-30,7,2025-12-11 14:19:05
HISTORY 2022-12-01,168,2022-12-01,8,2025-12-11 14:19:05
HISTORY 2022-12-01,197,2022-12-01,8,2025-12-11 14:19:05
HISTORY 2022-12-01,404,2022-12-01,8,2025-12-11 14:19:05
HISTORY 2022-12-01,354,2022-12-01,8,2025-12-11 14:19:05
HISTORY 2022-12-01,329,2022-12-01,8,2025-12-11 14:19:05
HISTORY 2022-12-01,396,2022-12-01,8,2025-12-11 14:19:05
HISTORY 2022-12-01,65,2022-12-01,8,2025-12-11 14:19:05
HISTORY 2022-12-01,78,2022-12-01,8,2025-12-11 14:19:05
HISTORY 2022-12-01,397,2022-12-01,8,2025-12-11 14:19:05
HISTORY 2022-12-01,402,2022-12-01,8,2025-12-11 14:19:05
HISTORY 2022-12-01,405,2022-12-01,8,2025-12-11 14:19:05
HISTORY 2022-12-01,399,2022-12-01,8,2025-12-11 14:19:05
HISTORY 2022-12-04,44,2022-12-04,9,2025-12-11 14:19:05
HISTORY 2022-12-04,42,2022-12-04,9,2025-12-11 14:19:05
HISTORY 2022-12-04,205,2022-12-04,9,2025-12-11 14:19:05
HISTORY 2022-12-04,187,2022-12-04,9,2025-12-11 14:19:05
HISTORY 2022-12-04,158,2022-12-04,9,2025-12-11 14:19:05
HISTORY 2022-12-04,183,2022-12-04,9,2025-12-11 14:19:05
HISTORY 2022-12-04,177,2022-12-04,9,2025-12-11 14:19:05
HISTORY 2022-12-04,121,2022-12-04,9,2025-12-11 14:19:05
HISTORY 2022-12-04,37,2022-12-04,9,2025-12-11 14:19:05
HISTORY 2022-12-04,176,2022-12-04,9,2025-12-11 14:19:05
HISTORY 2022-12-04,184,2022-12-04,9,2025-12-11 14:19:05
HISTORY 2022-12-04,320,2022-12-04,9,2025-12-11 14:19:05
HISTORY 2022-12-04,172,2022-12-04,9,2025-12-11 14:19:05
HISTORY 2022-12-04,178,2022-12-04,9,2025-12-11 14:19:05
HISTORY 2022-12-04,127,2022-12-04,9,2025-12-11 14:19:05
HISTORY 2022-12-04,71,2022-12-04,9,2025-12-11 14:19:05
HISTORY 2022-12-04,393,2022-12-04,9,2025-12-11 14:19:05
HISTORY 2022-12-04,79,2022-12-04,9,2025-12-11 14:19:05
HISTORY 2022-12-04,388,2022-12-04,9,2025-12-11 14:19:05
HISTORY 2022-12-04,346,2022-12-04,9,2025-12-11 14:19:05
HISTORY 2022-12-04,279,2022-12-04,9,2025-12-11 14:19:05
HISTORY 2022-12-04,348,2022-12-04,9,2025-12-11 14:19:05
HISTORY 2022-12-04,311,2022-12-04,9,2025-12-11 14:19:05
HISTORY 2022-12-04,146,2022-12-04,9,2025-12-11 14:19:05
HISTORY 2022-12-04,93,2022-12-04,9,2025-12-11 14:19:05
HISTORY 2022-12-04,23,2022-12-04,9,2025-12-11 14:19:05
HISTORY 2022-12-04,130,2022-12-04,9,2025-12-11 14:19:05
HISTORY 2023-04-06,141,2023-04-06,10,2025-12-11 14:19:05
HISTORY 2023-04-06,153,2023-04-06,10,2025-12-11 14:19:05
HISTORY 2023-04-06,183,2023-04-06,10,2025-12-11 14:19:05
HISTORY 2023-04-06,329,2023-04-06,10,2025-12-11 14:19:05
HISTORY 2023-04-06,352,2023-04-06,10,2025-12-11 14:19:05
HISTORY 2023-04-06,404,2023-04-06,10,2025-12-11 14:19:05
HISTORY 2023-04-06,67,2023-04-06,10,2025-12-11 14:19:05
HISTORY 2023-04-06,89,2023-04-06,10,2025-12-11 14:19:05
HISTORY 2023-04-06,214,2023-04-06,10,2025-12-11 14:19:05
HISTORY 2023-04-06,345,2023-04-06,10,2025-12-11 14:19:05
HISTORY 2023-04-06,200,2023-04-06,10,2025-12-11 14:19:05
HISTORY 2023-04-06,200,2023-04-06,10,2025-12-11 14:19:05
HISTORY 2023-04-06,201,2023-04-06,10,2025-12-11 14:19:05
HISTORY 2023-04-06,28,2023-04-06,10,2025-12-11 14:19:05
HISTORY 2023-04-06,35,2023-04-06,10,2025-12-11 14:19:05
HISTORY 2023-04-06,49,2023-04-06,10,2025-12-11 14:19:05
HISTORY 2023-04-06,29,2023-04-06,10,2025-12-11 14:19:05
HISTORY 2023-04-06,30,2023-04-06,10,2025-12-11 14:19:05
HISTORY 2023-04-06,27,2023-04-06,10,2025-12-11 14:19:05
HISTORY 2023-04-08,337,2023-04-08,11,2025-12-11 14:19:05
HISTORY 2023-04-08,334,2023-04-08,11,2025-12-11 14:19:05
HISTORY 2023-04-08,328,2023-04-08,11,2025-12-11 14:19:05
HISTORY 2023-04-08,334,2023-04-08,11,2025-12-11 14:19:05
HISTORY 2023-04-08,45,2023-04-08,11,2025-12-11 14:19:05
HISTORY 2023-04-08,130,2023-04-08,11,2025-12-11 14:19:05
HISTORY 2023-04-08,93,2023-04-08,11,2025-12-11 14:19:05
HISTORY 2023-04-08,205,2023-04-08,11,2025-12-11 14:19:05
HISTORY 2023-04-08,364,2023-04-08,11,2025-12-11 14:19:05
HISTORY 2023-04-08,365,2023-04-08,11,2025-12-11 14:19:05
HISTORY 2023-04-08,114,2023-04-08,11,2025-12-11 14:19:05
HISTORY 2023-04-08,61,2023-04-08,11,2025-12-11 14:19:05
HISTORY 2023-04-08,382,2023-04-08,11,2025-12-11 14:19:05
HISTORY 2023-04-14,10,2023-04-14,12,2025-12-11 14:19:05
HISTORY 2023-04-14,42,2023-04-14,12,2025-12-11 14:19:05
HISTORY 2023-04-14,44,2023-04-14,12,2025-12-11 14:19:05
HISTORY 2023-04-14,236,2023-04-14,12,2025-12-11 14:19:05
HISTORY 2023-04-14,245,2023-04-14,12,2025-12-11 14:19:05
HISTORY 2023-04-14,314,2023-04-14,12,2025-12-11 14:19:05
HISTORY 2023-04-14,311,2023-04-14,12,2025-12-11 14:19:05
HISTORY 2023-04-14,187,2023-04-14,12,2025-12-11 14:19:05
HISTORY 2023-04-14,271,2023-04-14,12,2025-12-11 14:19:05
HISTORY 2023-04-14,299,2023-04-14,12,2025-12-11 14:19:05
HISTORY 2023-04-14,147,2023-04-14,12,2025-12-11 14:19:05
HISTORY 2023-04-14,364,2023-04-14,12,2025-12-11 14:19:05
HISTORY 2023-04-14,18,2023-04-14,12,2025-12-11 14:19:05
HISTORY 2023-04-14,206,2023-04-14,12,2025-12-11 14:19:05
HISTORY 2023-04-14,26,2023-04-14,12,2025-12-11 14:19:05
HISTORY 2023-04-14,114,2023-04-14,12,2025-12-11 14:19:05
HISTORY 2023-04-14,66,2023-04-14,12,2025-12-11 14:19:05
HISTORY 2023-04-14,83,2023-04-14,12,2025-12-11 14:19:05
HISTORY 2023-04-14,130,2023-04-14,12,2025-12-11 14:19:05
HISTORY 2023-05-14,34,2023-05-14,13,2025-12-11 14:19:05
HISTORY 2023-05-14,204,2023-05-14,13,2025-12-11 14:19:05
HISTORY 2023-05-14,67,2023-05-14,13,2025-12-11 14:19:05
HISTORY 2023-05-14,364,2023-05-14,13,2025-12-11 14:19:05
HISTORY 2023-05-14,137,2023-05-14,13,2025-12-11 14:19:05
HISTORY 2023-05-14,205,2023-05-14,13,2025-12-11 14:19:05
HISTORY 2023-05-14,305,2023-05-14,13,2025-12-11 14:19:05
HISTORY 2023-05-14,303,2023-05-14,13,2025-12-11 14:19:05
HISTORY 2023-05-14,248,2023-05-14,13,2025-12-11 14:19:05
HISTORY 2023-05-14,249,2023-05-14,13,2025-12-11 14:19:05
HISTORY 2023-05-14,184,2023-05-14,13,2025-12-11 14:19:05
HISTORY 2023-05-14,218,2023-05-14,13,2025-12-11 14:19:05
HISTORY 2023-05-14,156,2023-05-14,13,2025-12-11 14:19:05
HISTORY 2023-05-14,155,2023-05-14,13,2025-12-11 14:19:05
HISTORY 2023-05-14,79,2023-05-14,13,2025-12-11 14:19:05
HISTORY 2023-05-14,134,2023-05-14,13,2025-12-11 14:19:05
HISTORY 2023-05-14,32,2023-05-14,13,2025-12-11 14:19:05
HISTORY 2023-06-09,383,2023-06-09,14,2025-12-11 14:19:05
HISTORY 2023-06-09,121,2023-06-09,14,2025-12-11 14:19:05
HISTORY 2023-06-09,165,2023-06-09,14,2025-12-11 14:19:05
HISTORY 2023-06-09,256,2023-06-09,14,2025-12-11 14:19:05
HISTORY 2023-06-09,256,2023-06-09,14,2025-12-11 14:19:05
HISTORY 2023-06-09,276,2023-06-09,14,2025-12-11 14:19:05
HISTORY 2023-06-09,365,2023-06-09,14,2025-12-11 14:19:05
HISTORY 2023-06-09,366,2023-06-09,14,2025-12-11 14:19:05
HISTORY 2023-06-09,364,2023-06-09,14,2025-12-11 14:19:05
HISTORY 2023-06-09,368,2023-06-09,14,2025-12-11 14:19:05
HISTORY 2023-06-09,216,2023-06-09,14,2025-12-11 14:19:05
HISTORY 2023-06-09,270,2023-06-09,14,2025-12-11 14:19:05
HISTORY 2023-06-09,137,2023-06-09,14,2025-12-11 14:19:05
HISTORY 2023-07-05,37,2023-07-05,15,2025-12-11 14:19:05
HISTORY 2023-07-05,25,2023-07-05,15,2025-12-11 14:19:05
HISTORY 2023-07-05,58,2023-07-05,15,2025-12-11 14:19:05
HISTORY 2023-07-05,184,2023-07-05,15,2025-12-11 14:19:05
HISTORY 2023-07-05,69,2023-07-05,15,2025-12-11 14:19:05
HISTORY 2023-07-05,82,2023-07-05,15,2025-12-11 14:19:05
HISTORY 2023-07-05,121,2023-07-05,15,2025-12-11 14:19:05
HISTORY 2023-07-05,132,2023-07-05,15,2025-12-11 14:19:05
HISTORY 2023-07-11,234,2023-07-11,16,2025-12-11 14:19:05
HISTORY 2023-07-11,247,2023-07-11,16,2025-12-11 14:19:05
HISTORY 2023-07-11,233,2023-07-11,16,2025-12-11 14:19:05
HISTORY 2023-07-11,131,2023-07-11,16,2025-12-11 14:19:05
HISTORY 2023-07-11,415,2023-07-11,16,2025-12-11 14:19:05
HISTORY 2023-07-11,143,2023-07-11,16,2025-12-11 14:19:05
HISTORY 2023-07-11,412,2023-07-11,16,2025-12-11 14:19:05
HISTORY 2023-07-11,79,2023-07-11,16,2025-12-11 14:19:05
HISTORY 2023-07-11,176,2023-07-11,16,2025-12-11 14:19:05
HISTORY 2023-07-11,92,2023-07-11,16,2025-12-11 14:19:05
HISTORY 2023-07-13,59,2023-07-13,17,2025-12-11 14:19:05
HISTORY 2023-07-13,248,2023-07-13,17,2025-12-11 14:19:05
HISTORY 2023-07-13,282,2023-07-13,17,2025-12-11 14:19:05
HISTORY 2023-07-13,339,2023-07-13,17,2025-12-11 14:19:05
HISTORY 2023-07-13,269,2023-07-13,17,2025-12-11 14:19:05
HISTORY 2023-07-13,389,2023-07-13,17,2025-12-11 14:19:05
HISTORY 2023-07-13,230,2023-07-13,17,2025-12-11 14:19:05
HISTORY 2023-07-13,235,2023-07-13,17,2025-12-11 14:19:05
HISTORY 2023-07-13,191,2023-07-13,17,2025-12-11 14:19:05
HISTORY 2023-07-13,128,2023-07-13,17,2025-12-11 14:19:05
HISTORY 2023-07-13,432,2023-07-13,17,2025-12-11 14:19:05
HISTORY 2023-07-13,234,2023-07-13,17,2025-12-11 14:19:05
HISTORY 2023-07-13,390,2023-07-13,17,2025-12-11 14:19:05
HISTORY 2023-07-15 (1),281,2023-07-15,18,2025-12-11 14:19:05
HISTORY 2023-07-15 (1),308,2023-07-15,18,2025-12-11 14:19:05
HISTORY 2023-07-15 (1),383,2023-07-15,18,2025-12-11 14:19:05
HISTORY 2023-07-15 (1),385,2023-07-15,18,2025-12-11 14:19:05
HISTORY 2023-07-15 (1),168,2023-07-15,18,2025-12-11 14:19:05
HISTORY 2023-07-15 (1),392,2023-07-15,18,2025-12-11 14:19:05
HISTORY 2023-07-15 (1),14,2023-07-15,18,2025-12-11 14:19:05
HISTORY 2023-07-15 (1),317,2023-07-15,18,2025-12-11 14:19:05
HISTORY 2023-07-15 (1),92,2023-07-15,18,2025-12-11 14:19:05
HISTORY 2023-07-15 (1),410,2023-07-15,18,2025-12-11 14:19:05
HISTORY 2023-07-15 (1),184,2023-07-15,18,2025-12-11 14:19:05
HISTORY 2023-07-15 (1),428,2023-07-15,18,2025-12-11 14:19:05
HISTORY 2023-07-15 (1),433,2023-07-15,18,2025-12-11 14:19:05
HISTORY 2023-07-15 (1),352,2023-07-15,18,2025-12-11 14:19:05
HISTORY 2023-07-15 (1),158,2023-07-15,18,2025-12-11 14:19:05
HISTORY 2023-07-15 (1),143,2023-07-15,18,2025-12-11 14:19:05
HISTORY 2023-07-15 (1),213,2023-07-15,18,2025-12-11 14:19:05
HISTORY 2023-07-15 (1),230,2023-07-15,18,2025-12-11 14:19:05
HISTORY 2023-07-15 (1),319,2023-07-15,18,2025-12-11 14:19:05
HISTORY 2023-07-15 (1),298,2023-07-15,18,2025-12-11 14:19:05
HISTORY 2023-07-15 (1),176,2023-07-15,18,2025-12-11 14:19:05
HISTORY 2023-07-15 (1),323,2023-07-15,18,2025-12-11 14:19:05
HISTORY 2023-07-15 (1),279,2023-07-15,18,2025-12-11 14:19:05
HISTORY 2023-07-15 (1),164,2023-07-15,18,2025-12-11 14:19:05
HISTORY 2023-07-15 (1),325,2023-07-15,18,2025-12-11 14:19:05
HISTORY 2023-07-15 (1),397,2023-07-15,18,2025-12-11 14:19:05
HISTORY 2023-07-15 (1),424,2023-07-15,18,2025-12-11 14:19:05
HISTORY 2023-07-15 (1),396,2023-07-15,18,2025-12-11 14:19:05
HISTORY 2023-07-15 (1),65,2023-07-15,18,2025-12-11 14:19:05
HISTORY 2023-07-15 (1),78,2023-07-15,18,2025-12-11 14:19:05
HISTORY 2023-07-15 (1),408,2023-07-15,18,2025-12-11 14:19:05
HISTORY 2023-07-15 (1),409,2023-07-15,18,2025-12-11 14:19:05
HISTORY 2023-07-15 (1),411,2023-07-15,18,2025-12-11 14:19:05
HISTORY 2023-07-15 (1),37,2023-07-15,18,2025-12-11 14:19:05
HISTORY 2023-07-15 (1),131,2023-07-15,18,2025-12-11 14:19:05
HISTORY 2023-07-15 (1),233,2023-07-15,18,2025-12-11 14:19:05
HISTORY 2023-07-15 (1),13,2023-07-15,18,2025-12-11 14:19:05
HISTORY 2023-07-15 (1),434,2023-07-15,18,2025-12-11 14:19:05
HISTORY 2023-07-15 (1),121,2023-07-15,18,2025-12-11 14:19:05
HISTORY 2023-07-15 (1),263,2023-07-15,18,2025-12-11 14:19:05
HISTORY 2023-07-15 (1),58,2023-07-15,18,2025-12-11 14:19:05
HISTORY 2023-07-15 (1),79,2023-07-15,18,2025-12-11 14:19:05
HISTORY 2023-07-15 (1),415,2023-07-15,18,2025-12-11 14:19:05
HISTORY 2023-07-15 (1),126,2023-07-15,18,2025-12-11 14:19:05
HISTORY 2023-07-15 (1),132,2023-07-15,18,2025-12-11 14:19:05
HISTORY 2023-07-15 (1),404,2023-07-15,18,2025-12-11 14:19:05
HISTORY 2023-07-15 (1),147,2023-07-15,18,2025-12-11 14:19:05
HISTORY 2023-07-15 (1),300,2023-07-15,18,2025-12-11 14:19:05
HISTORY 2023-07-15 (1),350,2023-07-15,18,2025-12-11 14:19:05
HISTORY 2023-07-15 (1),214,2023-07-15,18,2025-12-11 14:19:05
HISTORY 2023-07-15 (1),206,2023-07-15,18,2025-12-11 14:19:05
HISTORY 2023-07-15 (1),313,2023-07-15,18,2025-12-11 14:19:05
HISTORY 2023-07-15 (1),142,2023-07-15,18,2025-12-11 14:19:05
HISTORY 2023-08-27 (1),86,2023-08-27,19,2025-12-11 14:19:05
HISTORY 2023-08-27 (1),183,2023-08-27,19,2025-12-11 14:19:05
HISTORY 2023-08-27 (1),88,2023-08-27,19,2025-12-11 14:19:05
HISTORY 2023-08-27 (1),274,2023-08-27,19,2025-12-11 14:19:05
HISTORY 2023-08-27 (1),245,2023-08-27,19,2025-12-11 14:19:05
HISTORY 2023-08-27 (1),300,2023-08-27,19,2025-12-11 14:19:05
HISTORY 2023-08-27 (1),206,2023-08-27,19,2025-12-11 14:19:05
HISTORY 2023-08-27 (1),304,2023-08-27,19,2025-12-11 14:19:05
HISTORY 2023-08-27 (1),192,2023-08-27,19,2025-12-11 14:19:05
HISTORY 2023-08-27 (1),200,2023-08-27,19,2025-12-11 14:19:05
HISTORY 2023-08-27 (1),35,2023-08-27,19,2025-12-11 14:19:05
HISTORY 2023-08-27 (1),30,2023-08-27,19,2025-12-11 14:19:05
HISTORY 2023-08-27 (1),29,2023-08-27,19,2025-12-11 14:19:05
HISTORY 2023-08-27 (1),83,2023-08-27,19,2025-12-11 14:19:05
HISTORY 2023-08-27 (1),231,2023-08-27,19,2025-12-11 14:19:05
HISTORY 2023-08-27 (1),201,2023-08-27,19,2025-12-11 14:19:05
HISTORY 2023-08-27 (1),142,2023-08-27,19,2025-12-11 14:19:05
HISTORY 2023-08-27 (1),147,2023-08-27,19,2025-12-11 14:19:05
HISTORY 2023-08-27 (1),89,2023-08-27,19,2025-12-11 14:19:05
HISTORY 2023-08-27 (1),93,2023-08-27,19,2025-12-11 14:19:05
HISTORY 2023-08-27 (1),130,2023-08-27,19,2025-12-11 14:19:05
HISTORY 2023-08-27 (1),187,2023-08-27,19,2025-12-11 14:19:05
HISTORY 2023-08-27 (1),270,2023-08-27,19,2025-12-11 14:19:05
HISTORY 2023-08-27 (1),311,2023-08-27,19,2025-12-11 14:19:05
HISTORY 2023-08-27 (1),45,2023-08-27,19,2025-12-11 14:19:05
HISTORY 2023-08-27 (1),418,2023-08-27,19,2025-12-11 14:19:05
HISTORY 2023-08-27 (1),44,2023-08-27,19,2025-12-11 14:19:05
HISTORY 2023-08-27 (1),398,2023-08-27,19,2025-12-11 14:19:05
HISTORY 2023-08-27 (1),10,2023-08-27,19,2025-12-11 14:19:05
HISTORY 2023-08-27 (1),74,2023-08-27,19,2025-12-11 14:19:05
HISTORY 2023-08-27 (1),104,2023-08-27,19,2025-12-11 14:19:05
HISTORY 2023-08-27 (1),347,2023-08-27,19,2025-12-11 14:19:05
HISTORY 2023-08-27 (1),170,2023-08-27,19,2025-12-11 14:19:05
HISTORY 2023-08-27 (1),420,2023-08-27,19,2025-12-11 14:19:05
HISTORY 2023-08-27 (1),208,2023-08-27,19,2025-12-11 14:19:05
HISTORY 2023-12-26,281,2023-12-26,20,2025-12-11 14:19:05
HISTORY 2023-12-26,179,2023-12-26,20,2025-12-11 14:19:05
HISTORY 2023-12-26,256,2023-12-26,20,2025-12-11 14:19:05
HISTORY 2023-12-26,122,2023-12-26,20,2025-12-11 14:19:05
HISTORY 2023-12-26,60,2023-12-26,20,2025-12-11 14:19:05
HISTORY 2023-12-26 (1),384,2023-12-26,21,2025-12-11 14:19:05
HISTORY 2023-12-26 (1),85,2023-12-26,21,2025-12-11 14:19:05
HISTORY 2023-12-26 (1),31,2023-12-26,21,2025-12-11 14:19:05
HISTORY 2023-12-26 (1),288,2023-12-26,21,2025-12-11 14:19:05
HISTORY 2023-12-26 (1),78,2023-12-26,21,2025-12-11 14:19:05
HISTORY 2023-12-26 (1),518,2023-12-26,21,2025-12-11 14:19:05
HISTORY 2024-01-10,120,2024-01-10,22,2025-12-11 14:19:05
HISTORY 2024-01-10,104,2024-01-10,22,2025-12-11 14:19:05
HISTORY 2024-01-10,32,2024-01-10,22,2025-12-11 14:19:05
HISTORY 2024-01-10,389,2024-01-10,22,2025-12-11 14:19:05
HISTORY 2024-01-10,432,2024-01-10,22,2025-12-11 14:19:05
HISTORY 2024-01-10,412,2024-01-10,22,2025-12-11 14:19:05
HISTORY 2024-01-10,517,2024-01-10,22,2025-12-11 14:19:05
HISTORY 2024-01-10,519,2024-01-10,22,2025-12-11 14:19:05
HISTORY 2024-01-10,511,2024-01-10,22,2025-12-11 14:19:05
HISTORY 2024-01-10,396,2024-01-10,22,2025-12-11 14:19:05
HISTORY 2024-01-10,276,2024-01-10,22,2025-12-11 14:19:05
HISTORY 2024-01-10,161,2024-01-10,22,2025-12-11 14:19:05
HISTORY 2024-01-10 (1),33,2024-01-10,23,2025-12-11 14:19:05
HISTORY 2024-01-10 (1),59,2024-01-10,23,2025-12-11 14:19:05
HISTORY 2024-01-10 (1),343,2024-01-10,23,2025-12-11 14:19:05
HISTORY 2024-01-10 (1),227,2024-01-10,23,2025-12-11 14:19:05
HISTORY 2024-01-10 (1),144,2024-01-10,23,2025-12-11 14:19:05
HISTORY 2024-01-10 (1),182,2024-01-10,23,2025-12-11 14:19:05
HISTORY 2024-01-11,524,2024-01-11,24,2025-12-11 14:19:05
HISTORY 2024-01-11,320,2024-01-11,24,2025-12-11 14:19:05
HISTORY 2024-01-11,258,2024-01-11,24,2025-12-11 14:19:05
HISTORY 2024-01-11,92,2024-01-11,24,2025-12-11 14:19:05
HISTORY 2024-01-11,522,2024-01-11,24,2025-12-11 14:19:05
HISTORY 2024-01-11,346,2024-01-11,24,2025-12-11 14:19:05
HISTORY 2024-01-11,141,2024-01-11,24,2025-12-11 14:19:05
HISTORY 2024-01-11,329,2024-01-11,24,2025-12-11 14:19:05
HISTORY 2024-01-11,189,2024-01-11,24,2025-12-11 14:19:05
HISTORY 2024-01-11,404,2024-01-11,24,2025-12-11 14:19:05
HISTORY 2024-01-11,249,2024-01-11,24,2025-12-11 14:19:05
HISTORY 2024-01-11,108,2024-01-11,24,2025-12-11 14:19:05
HISTORY 2024-01-11,217,2024-01-11,24,2025-12-11 14:19:05
HISTORY 2024-01-11,411,2024-01-11,24,2025-12-11 14:19:05
HISTORY 2024-01-11,516,2024-01-11,24,2025-12-11 14:19:05
HISTORY 2024-01-11,402,2024-01-11,24,2025-12-11 14:19:05
HISTORY 2024-04-26,529,2024-04-26,25,2025-12-11 14:19:05
HISTORY 2024-04-26,618,2024-04-26,25,2025-12-11 14:19:05
HISTORY 2024-04-26,427,2024-04-26,25,2025-12-11 14:19:05
HISTORY 2024-04-26,601,2024-04-26,25,2025-12-11 14:19:05
HISTORY 2024-04-26,144,2024-04-26,25,2025-12-11 14:19:05
HISTORY 2024-04-26,420,2024-04-26,25,2025-12-11 14:19:05
HISTORY 2024-04-26,619,2024-04-26,25,2025-12-11 14:19:05
HISTORY 2024-04-26,520,2024-04-26,25,2025-12-11 14:19:05
HISTORY 2024-04-26,552,2024-04-26,25,2025-12-11 14:19:05
HISTORY 2024-04-26,612,2024-04-26,25,2025-12-11 14:19:05
HISTORY 2024-06-18,553,2024-06-18,26,2025-12-11 14:19:05
HISTORY 2024-06-18,538,2024-06-18,26,2025-12-11 14:19:05
HISTORY 2024-06-18,536,2024-06-18,26,2025-12-11 14:19:05
HISTORY 2024-06-18,166,2024-06-18,26,2025-12-11 14:19:05
HISTORY 2024-06-18,423,2024-06-18,26,2025-12-11 14:19:05
HISTORY 2024-06-18,541,2024-06-18,26,2025-12-11 14:19:05
HISTORY 2024-06-18 (1),432,2024-06-18,27,2025-12-11 14:19:05
HISTORY 2024-06-18 (1),265,2024-06-18,27,2025-12-11 14:19:05
HISTORY 2024-06-18 (1),604,2024-06-18,27,2025-12-11 14:19:05
HISTORY 2024-06-18 (1),522,2024-06-18,27,2025-12-11 14:19:05
HISTORY 2024-06-18 (1),80,2024-06-18,27,2025-12-11 14:19:05
HISTORY 2024-06-18 (1),88,2024-06-18,27,2025-12-11 14:19:05
HISTORY 2024-07-31 (2),635,2024-07-31,28,2025-12-11 14:19:05
HISTORY 2024-07-31 (2),516,2024-07-31,28,2025-12-11 14:19:05
HISTORY 2024-07-31 (2),657,2024-07-31,28,2025-12-11 14:19:05
HISTORY 2024-07-31 (2),659,2024-07-31,28,2025-12-11 14:19:05
HISTORY 2024-07-31 (2),638,2024-07-31,28,2025-12-11 14:19:05
HISTORY 2024-07-31 (2),642,2024-07-31,28,2025-12-11 14:19:05
HISTORY 2024-07-31 (2),637,2024-07-31,28,2025-12-11 14:19:05
HISTORY 2024-07-31 (2),630,2024-07-31,28,2025-12-11 14:19:05
HISTORY 2024-07-31 (2),517,2024-07-31,28,2025-12-11 14:19:05
HISTORY 2024-07-31 (2),78,2024-07-31,28,2025-12-11 14:19:05
HISTORY 2024-07-31 (2),65,2024-07-31,28,2025-12-11 14:19:05
HISTORY 2024-07-31 (2),396,2024-07-31,28,2025-12-11 14:19:05
HISTORY 2024-08-01,514,2024-08-01,29,2025-12-11 14:19:05
HISTORY 2024-08-01,655,2024-08-01,29,2025-12-11 14:19:05
HISTORY 2024-08-01,143,2024-08-01,29,2025-12-11 14:19:05
HISTORY 2024-08-01,631,2024-08-01,29,2025-12-11 14:19:05
HISTORY 2024-08-01,635,2024-08-01,29,2025-12-11 14:19:05
HISTORY 2024-08-01,628,2024-08-01,29,2025-12-11 14:19:05
HISTORY 2024-08-01,629,2024-08-01,29,2025-12-11 14:19:05
HISTORY 2024-08-01,604,2024-08-01,29,2025-12-11 14:19:05
HISTORY 2024-08-01,600,2024-08-01,29,2025-12-11 14:19:05
HISTORY 2024-08-01,646,2024-08-01,29,2025-12-11 14:19:05
HISTORY 2024-08-01,531,2024-08-01,29,2025-12-11 14:19:05
HISTORY 2024-08-01,38,2024-08-01,29,2025-12-11 14:19:05
HISTORY 2024-08-01,75,2024-08-01,29,2025-12-11 14:19:05
HISTORY 2024-08-01,353,2024-08-01,29,2025-12-11 14:19:05
HISTORY 2024-08-01,637,2024-08-01,29,2025-12-11 14:19:05
HISTORY 2024-08-01,657,2024-08-01,29,2025-12-11 14:19:05
HISTORY 2024-08-01,542,2024-08-01,29,2025-12-11 14:19:05
HISTORY 2024-08-01,516,2024-08-01,29,2025-12-11 14:19:05
HISTORY 2024-08-01,630,2024-08-01,29,2025-12-11 14:19:05
HISTORY 2024-08-01,396,2024-08-01,29,2025-12-11 14:19:05
HISTORY 2024-08-01,636,2024-08-01,29,2025-12-11 14:19:05
HISTORY 2024-08-01,642,2024-08-01,29,2025-12-11 14:19:05
HISTORY 2024-08-01,511,2024-08-01,29,2025-12-11 14:19:05
HISTORY 2024-08-01,78,2024-08-01,29,2025-12-11 14:19:05
HISTORY 2024-08-01,520,2024-08-01,29,2025-12-11 14:19:05
HISTORY 2024-08-07,673,2024-08-07,30,2025-12-11 14:19:05
HISTORY 2024-08-07,675,2024-08-07,30,2025-12-11 14:19:05
HISTORY 2024-08-07,679,2024-08-07,30,2025-12-11 14:19:05
HISTORY 2024-08-07,681,2024-08-07,30,2025-12-11 14:19:05
HISTORY 2024-08-07,531,2024-08-07,30,2025-12-11 14:19:05
HISTORY 2024-08-07,600,2024-08-07,30,2025-12-11 14:19:05
HISTORY 2024-08-07 (1),675,2024-08-07,31,2025-12-11 14:19:05
HISTORY 2024-08-07 (1),654,2024-08-07,31,2025-12-11 14:19:05
HISTORY 2024-08-07 (1),58,2024-08-07,31,2025-12-11 14:19:05
HISTORY 2024-08-07 (1),552,2024-08-07,31,2025-12-11 14:19:05
HISTORY 2024-08-07 (1),612,2024-08-07,31,2025-12-11 14:19:05
HISTORY 2024-08-07 (1),618,2024-08-07,31,2025-12-11 14:19:05
HISTORY 2024-08-09,587,2024-08-09,32,2025-12-11 14:19:05
HISTORY 2024-08-09,412,2024-08-09,32,2025-12-11 14:19:05
HISTORY 2024-08-09,79,2024-08-09,32,2025-12-11 14:19:05
HISTORY 2024-08-09,250,2024-08-09,32,2025-12-11 14:19:05
HISTORY 2024-08-09,342,2024-08-09,32,2025-12-11 14:19:05
HISTORY 2024-08-09,312,2024-08-09,32,2025-12-11 14:19:05
HISTORY 2024-08-09,433,2024-08-09,32,2025-12-11 14:19:05
HISTORY 2024-08-09 (1),384,2024-08-09,33,2025-12-11 14:19:05
HISTORY 2024-08-09 (1),622,2024-08-09,33,2025-12-11 14:19:05
HISTORY 2024-08-09 (1),392,2024-08-09,33,2025-12-11 14:19:05
HISTORY 2024-08-09 (1),653,2024-08-09,33,2025-12-11 14:19:05
HISTORY 2024-08-09 (1),637,2024-08-09,33,2025-12-11 14:19:05
HISTORY 2024-08-09 (1),629,2024-08-09,33,2025-12-11 14:19:05
HISTORY 2024-08-09 (1),288,2024-08-09,33,2025-12-11 14:19:05
HISTORY 2024-08-09 (1),654,2024-08-09,33,2025-12-11 14:19:05
HISTORY 2024-08-09 (1),642,2024-08-09,33,2025-12-11 14:19:05
HISTORY 2024-08-09 (1),657,2024-08-09,33,2025-12-11 14:19:05
HISTORY 2024-08-09 (1),517,2024-08-09,33,2025-12-11 14:19:05
HISTORY 2024-08-09 (1),656,2024-08-09,33,2025-12-11 14:19:05
HISTORY 2024-08-09 (1),13,2024-08-09,33,2025-12-11 14:19:05
HISTORY 2024-08-09 (1),590,2024-08-09,33,2025-12-11 14:19:05
HISTORY 2024-08-09 (1),107,2024-08-09,33,2025-12-11 14:19:05
HISTORY 2024-08-10 (1),675,2024-08-10,34,2025-12-11 14:19:05
HISTORY 2024-08-10 (1),348,2024-08-10,34,2025-12-11 14:19:05
HISTORY 2024-08-10 (1),650,2024-08-10,34,2025-12-11 14:19:05
HISTORY 2024-08-10 (1),655,2024-08-10,34,2025-12-11 14:19:05
HISTORY 2024-08-10 (1),655,2024-08-10,34,2025-12-11 14:19:05
HISTORY 2024-08-10 (1),603,2024-08-10,34,2025-12-11 14:19:05
HISTORY 2024-09-09 (1),248,2024-09-09,35,2025-12-11 14:19:05
HISTORY 2024-09-09 (1),250,2024-09-09,35,2025-12-11 14:19:05
HISTORY 2024-09-09 (1),259,2024-09-09,35,2025-12-11 14:19:05
HISTORY 2024-09-09 (1),678,2024-09-09,35,2025-12-11 14:19:05
HISTORY 2024-09-09 (1),680,2024-09-09,35,2025-12-11 14:19:05
HISTORY 2024-09-09 (1),433,2024-09-09,35,2025-12-11 14:19:05
HISTORY 2024-09-09 (1),649,2024-09-09,35,2025-12-11 14:19:05
HISTORY 2024-09-09 (1),592,2024-09-09,35,2025-12-11 14:19:05
HISTORY 2024-09-09 (1),335,2024-09-09,35,2025-12-11 14:19:05
HISTORY 2024-09-09 (1),227,2024-09-09,35,2025-12-11 14:19:05
HISTORY 2024-09-09 (1),677,2024-09-09,35,2025-12-11 14:19:05
HISTORY 2024-09-09 (1),551,2024-09-09,35,2025-12-11 14:19:05
HISTORY 2024-09-09 (1),513,2024-09-09,35,2025-12-11 14:19:05
HISTORY 2024-09-09 (1),540,2024-09-09,35,2025-12-11 14:19:05
HISTORY 2024-09-09 (1),426,2024-09-09,35,2025-12-11 14:19:05
HISTORY 2024-09-09 (1),541,2024-09-09,35,2025-12-11 14:19:05
HISTORY 2024-09-09 (1),423,2024-09-09,35,2025-12-11 14:19:05
HISTORY 2024-09-18 (1),405,2024-09-18,36,2025-12-11 14:19:05
HISTORY 2024-09-18 (1),518,2024-09-18,36,2025-12-11 14:19:05
HISTORY 2024-09-18 (1),645,2024-09-18,36,2025-12-11 14:19:05
HISTORY 2024-09-18 (1),424,2024-09-18,36,2025-12-11 14:19:05
HISTORY 2024-09-18 (1),217,2024-09-18,36,2025-12-11 14:19:05
HISTORY 2024-09-18 (1),650,2024-09-18,36,2025-12-11 14:19:05
HISTORY 2024-09-18 (1),425,2024-09-18,36,2025-12-11 14:19:05
HISTORY 2024-09-18 (1),113,2024-09-18,36,2025-12-11 14:19:05
HISTORY 2024-09-18 (1),255,2024-09-18,36,2025-12-11 14:19:05
HISTORY 2024-09-18 (1),207,2024-09-18,36,2025-12-11 14:19:05
HISTORY 2024-09-18 (1),431,2024-09-18,36,2025-12-11 14:19:05
HISTORY 2024-09-18 (1),39,2024-09-18,36,2025-12-11 14:19:05
HISTORY 2024-09-18 (1),646,2024-09-18,36,2025-12-11 14:19:05
HISTORY 2024-09-18 (1),153,2024-09-18,36,2025-12-11 14:19:05
HISTORY 2024-09-18 (1),675,2024-09-18,36,2025-12-11 14:19:05
HISTORY 2025-01-17,37,2025-01-17,37,2025-12-11 14:19:05
HISTORY 2025-01-17,109,2025-01-17,37,2025-12-11 14:19:05
HISTORY 2025-01-17,384,2025-01-17,37,2025-12-11 14:19:05
HISTORY 2025-01-17,619,2025-01-17,37,2025-12-11 14:19:05
HISTORY 2025-01-17,622,2025-01-17,37,2025-12-11 14:19:05
HISTORY 2025-01-17,633,2025-01-17,37,2025-12-11 14:19:05
HISTORY 2025-01-17,654,2025-01-17,37,2025-12-11 14:19:05
HISTORY 2025-01-17,653,2025-01-17,37,2025-12-11 14:19:05
HISTORY 2025-01-17,408,2025-01-17,37,2025-12-11 14:19:05
HISTORY 2025-01-17,396,2025-01-17,37,2025-12-11 14:19:05
HISTORY 2025-01-17 (1),73,2025-01-17,38,2025-12-11 14:19:05
HISTORY 2025-01-17 (1),513,2025-01-17,38,2025-12-11 14:19:05
HISTORY 2025-01-17 (1),553,2025-01-17,38,2025-12-11 14:19:05
HISTORY 2025-01-17 (1),539,2025-01-17,38,2025-12-11 14:19:05
HISTORY 2025-01-17 (1),561,2025-01-17,38,2025-12-11 14:19:05
HISTORY 2025-01-17 (1),423,2025-01-17,38,2025-12-11 14:19:05
HISTORY 2025-01-17 (2),421,2025-01-17,39,2025-12-11 14:19:05
HISTORY 2025-01-17 (2),635,2025-01-17,39,2025-12-11 14:19:05
HISTORY 2025-01-17 (2),673,2025-01-17,39,2025-12-11 14:19:05
HISTORY 2025-01-17 (2),630,2025-01-17,39,2025-12-11 14:19:05
HISTORY 2025-01-17 (2),127,2025-01-17,39,2025-12-11 14:19:05
HISTORY 2025-01-17 (2),660,2025-01-17,39,2025-12-11 14:19:05
HISTORY 2025-01-17 (2),110,2025-01-17,39,2025-12-11 14:19:05
HISTORY 2025-01-17 (2),305,2025-01-17,39,2025-12-11 14:19:05
HISTORY 2025-01-17 (2),586,2025-01-17,39,2025-12-11 14:19:05
HISTORY 2025-01-25,416,2025-01-25,40,2025-12-11 14:19:05
HISTORY 2025-01-25,417,2025-01-25,40,2025-12-11 14:19:05
HISTORY 2025-01-25,398,2025-01-25,40,2025-12-11 14:19:05
HISTORY 2025-01-25,665,2025-01-25,40,2025-12-11 14:19:05
HISTORY 2025-01-25,639,2025-01-25,40,2025-12-11 14:19:05
HISTORY 2025-01-25,706,2025-01-25,40,2025-12-11 14:19:05
HISTORY 2025-01-25,674,2025-01-25,40,2025-12-11 14:19:05
HISTORY 2025-01-25,644,2025-01-25,40,2025-12-11 14:19:05
HISTORY 2025-01-25,427,2025-01-25,40,2025-12-11 14:19:05
HISTORY 2025-01-25,686,2025-01-25,40,2025-12-11 14:19:05
HISTORY 2025-01-25,638,2025-01-25,40,2025-12-11 14:19:05
HISTORY 2025-02-20,545,2025-02-20,41,2025-12-11 14:19:05
HISTORY 2025-02-20,698,2025-02-20,41,2025-12-11 14:19:05
HISTORY 2025-02-20,578,2025-02-20,41,2025-12-11 14:19:05
HISTORY 2025-02-20,12,2025-02-20,41,2025-12-11 14:19:05
HISTORY 2025-02-20,117,2025-02-20,41,2025-12-11 14:19:05
HISTORY 2025-02-20,688,2025-02-20,41,2025-12-11 14:19:05
HISTORY 2025-02-20,687,2025-02-20,41,2025-12-11 14:19:05
HISTORY 2025-02-20,690,2025-02-20,41,2025-12-11 14:19:05
HISTORY 2025-02-20,426,2025-02-20,41,2025-12-11 14:19:05
HISTORY 2025-02-20,527,2025-02-20,41,2025-12-11 14:19:05
HISTORY 2025-02-20,57,2025-02-20,41,2025-12-11 14:19:05
HISTORY 2025-02-20,112,2025-02-20,41,2025-12-11 14:19:05
HISTORY 2025-02-20,167,2025-02-20,41,2025-12-11 14:19:05
HISTORY 2025-02-20,697,2025-02-20,41,2025-12-11 14:19:05
HISTORY 2025-02-20,227,2025-02-20,41,2025-12-11 14:19:05
HISTORY 2025-02-20,228,2025-02-20,41,2025-12-11 14:19:05
HISTORY 2025-02-20,699,2025-02-20,41,2025-12-11 14:19:05
HISTORY 2025-02-20,546,2025-02-20,41,2025-12-11 14:19:05
HISTORY 2025-02-20,539,2025-02-20,41,2025-12-11 14:19:05
HISTORY 2025-02-20,689,2025-02-20,41,2025-12-11 14:19:05
HISTORY 2025-02-20,524,2025-02-20,41,2025-12-11 14:19:05
HISTORY 2025-02-20,628,2025-02-20,41,2025-12-11 14:19:05
HISTORY 2025-02-20,74,2025-02-20,41,2025-12-11 14:19:05
HISTORY 2025-06-22,531,2025-06-22,42,2025-12-11 14:19:05
HISTORY 2025-06-22,639,2025-06-22,42,2025-12-11 14:19:05
HISTORY 2025-06-22,628,2025-06-22,42,2025-12-11 14:19:05
HISTORY 2025-06-22,635,2025-06-22,42,2025-12-11 14:19:05
HISTORY 2025-06-22,631,2025-06-22,42,2025-12-11 14:19:05
HISTORY 2025-06-22,673,2025-06-22,42,2025-12-11 14:19:05
HISTORY 2025-06-22,738,2025-06-22,42,2025-12-11 14:19:05
HISTORY 2025-06-22,410,2025-06-22,42,2025-12-11 14:19:05
HISTORY 2025-06-22,92,2025-06-22,42,2025-12-11 14:19:05
HISTORY 2025-06-22,655,2025-06-22,42,2025-12-11 14:19:05
HISTORY 2025-06-22,588,2025-06-22,42,2025-12-11 14:19:05
HISTORY 2025-06-22,67,2025-06-22,42,2025-12-11 14:19:05
HISTORY 2025-06-22,147,2025-06-22,42,2025-12-11 14:19:05
HISTORY 2025-06-22,759,2025-06-22,42,2025-12-11 14:19:05
HISTORY 2025-06-22,271,2025-06-22,42,2025-12-11 14:19:05
HISTORY 2025-06-22,311,2025-06-22,42,2025-12-11 14:19:05
HISTORY 2025-06-22,345,2025-06-22,42,2025-12-11 14:19:05
HISTORY 2025-06-22,350,2025-06-22,42,2025-12-11 14:19:05
HISTORY 2025-06-22,231,2025-06-22,42,2025-12-11 14:19:05
